typeCode,freqCode,refPeriodId,refYear,refMonth,period,reporterCode,reporterISO,reporterDesc,flowCode,flowDesc,partnerCode,partnerISO,partnerDesc,partner2Code,partner2ISO,partner2Desc,classificationCode,classificationSearchCode,isOriginalClassification,cmdCode,cmdDesc,aggrLevel,isLeaf,customsCode,customsDesc,mosCode,motCode,motDesc,qtyUnitCode,qtyUnitAbbr,qty,isQtyEstimated,altQtyUnitCode,altQtyUnitAbbr,altQty,isAltQtyEstimated,netWgt,isNetWgtEstimated,grossWgt,isGrossWgtEstimated,cifvalue,fobvalue,primaryValue,legacyEstimationFlag,isReported,isAggregate
"C","A","20140101","2014","52","2014","392","JPN","Japan","M","Import","0","W00","World","0","W00","World","H4","HS","true","27","Mineral fuels, mineral oils and products of their distillation; bituminous substances; mineral waxes","2","false","C00","TOTAL CPC","0","0","TOTAL MOT","-1","N/A",,"false","-1","N/A",,"false",,"false",,"false","262106099988",,"262106099988","0","true","false",
"C","A","20140101","2014","52","2014","392","JPN","Japan","M","Import","0","W00","World","0","W00","World","H4","HS","true","29","Organic chemicals","2","false","C00","TOTAL CPC","0","0","TOTAL MOT","-1","N/A",,"false","-1","N/A",,"false",,"false",,"false","15210857290",,"15210857290","0","true","false",
"C","A","20140101","2014","52","2014","392","JPN","Japan","M","Import","0","W00","World","0","W00","World","H4","HS","true","72","Iron and steel","2","false","C00","TOTAL CPC","0","0","TOTAL MOT","-1","N/A",,"false","-1","N/A",,"false",,"false",,"false","8524468274",,"8524468274","0","true","false",
"C","A","20140101","2014","52","2014","392","JPN","Japan","M","Import","0","W00","World","0","W00","World","H4","HS","true","84","Nuclear reactors, boilers, machinery and mechanical appliances; parts thereof","2","false","C00","TOTAL CPC","0","0","TOTAL MOT","-1","N/A",,"false","-1","N/A",,"false",,"false",,"false","65041606898",,"65041606898","0","true","false",
"C","A","20140101","2014","52","2014","392","JPN","Japan","M","Import","0","W00","World","0","W00","World","H4","HS","true","85","Electrical machinery and equipment and parts thereof; sound recorders and reproducers; television image and sound recorders and reproducers, parts and accessories of such articles","2","false","C00","TOTAL CPC","0","0","TOTAL MOT","-1","N/A",,"false","-1","N/A",,"false",,"false",,"false","99346235146",,"99346235146","0","true","false",
"C","A","20140101","2014","52","2014","392","JPN","Japan","M","Import","0","W00","World","0","W00","World","H4","HS","true","87","Vehicles; other than railway or tramway rolling stock, and parts and accessories thereof","2","false","C00","TOTAL CPC","0","0","TOTAL MOT","-1","N/A",,"false","-1","N/A",,"false",,"false",,"false","21566266531",,"21566266531","0","true","false",
"C","A","20140101","2014","52","2014","392","JPN","Japan","X","Export","0","W00","World","0","W00","World","H4","HS","true","27","Mineral fuels, mineral oils and products of their distillation; bituminous substances; mineral waxes","2","false","C00","TOTAL CPC","0","0","TOTAL MOT","-1","N/A",,"false","-1","N/A",,"false",,"false",,"false",,"15824800763","15824800763","0","true","false",
"C","A","20140101","2014","52","2014","392","JPN","Japan","X","Export","0","W00","World","0","W00","World","H4","HS","true","29","Organic chemicals","2","false","C00","TOTAL CPC","0","0","TOTAL MOT","-1","N/A",,"false","-1","N/A",,"false",,"false",,"false",,"23446470665","23446470665","0","true","false",
"C","A","20140101","2014","52","2014","392","JPN","Japan","X","Export","0","W00","World","0","W00","World","H4","HS","true","72","Iron and steel","2","false","C00","TOTAL CPC","0","0","TOTAL MOT","-1","N/A",,"false","-1","N/A",,"false",,"false",,"false",,"33383028002","33383028002","0","true","false",
"C","A","20140101","2014","52","2014","392","JPN","Japan","X","Export","0","W00","World","0","W00","World","H4","HS","true","84","Nuclear reactors, boilers, machinery and mechanical appliances; parts thereof","2","false","C00","TOTAL CPC","0","0","TOTAL MOT","-1","N/A",,"false","-1","N/A",,"false",,"false",,"false",,"132442708992","132442708992","0","true","false",
"C","A","20140101","2014","52","2014","392","JPN","Japan","X","Export","0","W00","World","0","W00","World","H4","HS","true","85","Electrical machinery and equipment and parts thereof; sound recorders and reproducers; television image and sound recorders and reproducers, parts and accessories of such articles","2","false","C00","TOTAL CPC","0","0","TOTAL MOT","-1","N/A",,"false","-1","N/A",,"false",,"false",,"false",,"104055254008","104055254008","0","true","false",
"C","A","20140101","2014","52","2014","392","JPN","Japan","X","Export","0","W00","World","0","W00","World","H4","HS","true","87","Vehicles; other than railway or tramway rolling stock, and parts and accessories thereof","2","false","C00","TOTAL CPC","0","0","TOTAL MOT","-1","N/A",,"false","-1","N/A",,"false",,"false",,"false",,"142513899118","142513899118","0","true","false",
"C","A","20150101","2015","52","2015","392","JPN","Japan","M","Import","0","W00","World","0","W00","World","H4","HS","true","27","Mineral fuels, mineral oils and products of their distillation; bituminous substances; mineral waxes","2","false","C00","TOTAL CPC","0","0","TOTAL MOT","-1","N/A",,"false","-1","N/A",,"false",,"false",,"false","128287250760",,"128287250760","0","true","false",
"C","A","20150101","2015","52","2015","392","JPN","Japan","M","Import","0","W00","World","0","W00","World","H4","HS","true","29","Organic chemicals","2","false","C00","TOTAL CPC","0","0","TOTAL MOT","-1","N/A",,"false","-1","N/A",,"false",,"false",,"false","14194371740",,"14194371740","0","true","false",
"C","A","20150101","2015","52","2015","392","JPN","Japan","M","Import","0","W00","World","0","W00","World","H4","HS","true","72","Iron and steel","2","false","C00","TOTAL CPC","0","0","TOTAL MOT","-1","N/A",,"false","-1","N/A",,"false",,"false",,"false","6184811499",,"6184811499","0","true","false",
"C","A","20150101","2015","52","2015","392","JPN","Japan","M","Import","0","W00","World","0","W00","World","H4","HS","true","84","Nuclear reactors, boilers, machinery and mechanical appliances; parts thereof","2","false","C00","TOTAL CPC","0","0","TOTAL MOT","-1","N/A",,"false","-1","N/A",,"false",,"false",,"false","59542453105",,"59542453105","0","true","false",
"C","A","20150101","2015","52","2015","392","JPN","Japan","M","Import","0","W00","World","0","W00","World","H4","HS","true","85","Electrical machinery and equipment and parts thereof; sound recorders and reproducers; television image and sound recorders and reproducers, parts and accessories of such articles","2","false","C00","TOTAL CPC","0","0","TOTAL MOT","-1","N/A",,"false","-1","N/A",,"false",,"false",,"false","90248027241",,"90248027241","0","true","false",
"C","A","20150101","2015","52","2015","392","JPN","Japan","M","Import","0","W00","World","0","W00","World","H4","HS","true","87","Vehicles; other than railway or tramway rolling stock, and parts and accessories thereof","2","false","C00","TOTAL CPC","0","0","TOTAL MOT","-1","N/A",,"false","-1","N/A",,"false",,"false",,"false","19109584737",,"19109584737","0","true","false",
"C","A","20150101","2015","52","2015","392","JPN","Japan","X","Export","0","W00","World","0","W00","World","H4","HS","true","27","Mineral fuels, mineral oils and products of their distillation; bituminous substances; mineral waxes","2","false","C00","TOTAL CPC","0","0","TOTAL MOT","-1","N/A",,"false","-1","N/A",,"false",,"false",,"false",,"11380089464","11380089464","0","true","false",
"C","A","20150101","2015","52","2015","392","JPN","Japan","X","Export","0","W00","World","0","W00","World","H4","HS","true","29","Organic chemicals","2","false","C00","TOTAL CPC","0","0","TOTAL MOT","-1","N/A",,"false","-1","N/A",,"false",,"false",,"false",,"17901478668","17901478668","0","true","false",
"C","A","20150101","2015","52","2015","392","JPN","Japan","X","Export","0","W00","World","0","W00","World","H4","HS","true","72","Iron and steel","2","false","C00","TOTAL CPC","0","0","TOTAL MOT","-1","N/A",,"false","-1","N/A",,"false",,"false",,"false",,"27504439483","27504439483","0","true","false",
"C","A","20150101","2015","52","2015","392","JPN","Japan","X","Export","0","W00","World","0","W00","World","H4","HS","true","84","Nuclear reactors, boilers, machinery and mechanical appliances; parts thereof","2","false","C00","TOTAL CPC","0","0","TOTAL MOT","-1","N/A",,"false","-1","N/A",,"false",,"false",,"false",,"117641750139","117641750139","0","true","false",
"C","A","20150101","2015","52","2015","392","JPN","Japan","X","Export","0","W00","World","0","W00","World","H4","HS","true","85","Electrical machinery and equipment and parts thereof; sound recorders and reproducers; television image and sound recorders and reproducers, parts and accessories of such articles","2","false","C00","TOTAL CPC","0","0","TOTAL MOT","-1","N/A",,"false","-1","N/A",,"false",,"false",,"false",,"95606834469","95606834469","0","true","false",
"C","A","20150101","2015","52","2015","392","JPN","Japan","X","Export","0","W00","World","0","W00","World","H4","HS","true","87","Vehicles; other than railway or tramway rolling stock, and parts and accessories thereof","2","false","C00","TOTAL CPC","0","0","TOTAL MOT","-1","N/A",,"false","-1","N/A",,"false",,"false",,"false",,"134041242741","134041242741","0","true","false",
"C","A","20160101","2016","52","2016","392","JPN","Japan","M","Import","0","W00","World","0","W00","World","H4","HS","true","27","Mineral fuels, mineral oils and products of their distillation; bituminous substances; mineral waxes","2","false","C00","TOTAL CPC","0","0","TOTAL MOT","-1","N/A",,"false","-1","N/A",,"false",,"false",,"false","110878112125",,"110878112125","0","true","false",
"C","A","20160101","2016","52","2016","392","JPN","Japan","M","Import","0","W00","World","0","W00","World","H4","HS","true","29","Organic chemicals","2","false","C00","TOTAL CPC","0","0","TOTAL MOT","-1","N/A",,"false","-1","N/A",,"false",,"false",,"false","14414474552",,"14414474552","0","true","false",
"C","A","20160101","2016","52","2016","392","JPN","Japan","M","Import","0","W00","World","0","W00","World","H4","HS","true","72","Iron and steel","2","false","C00","TOTAL CPC","0","0","TOTAL MOT","-1","N/A",,"false","-1","N/A",,"false",,"false",,"false","5679704459",,"5679704459","0","true","false",
"C","A","20160101","2016","52","2016","392","JPN","Japan","M","Import","0","W00","World","0","W00","World","H4","HS","true","84","Nuclear reactors, boilers, machinery and mechanical appliances; parts thereof","2","false","C00","TOTAL CPC","0","0","TOTAL MOT","-1","N/A",,"false","-1","N/A",,"false",,"false",,"false","59466102716",,"59466102716","0","true","false",
"C","A","20160101","2016","52","2016","392","JPN","Japan","M","Import","0","W00","World","0","W00","World","H4","HS","true","85","Electrical machinery and equipment and parts thereof; sound recorders and reproducers; television image and sound recorders and reproducers, parts and accessories of such articles","2","false","C00","TOTAL CPC","0","0","TOTAL MOT","-1","N/A",,"false","-1","N/A",,"false",,"false",,"false","89834015263",,"89834015263","0","true","false",
"C","A","20160101","2016","52","2016","392","JPN","Japan","M","Import","0","W00","World","0","W00","World","H4","HS","true","87","Vehicles; other than railway or tramway rolling stock, and parts and accessories thereof","2","false","C00","TOTAL CPC","0","0","TOTAL MOT","-1","N/A",,"false","-1","N/A",,"false",,"false",,"false","20893783834",,"20893783834","0","true","false",
"C","A","20160101","2016","52","2016","392","JPN","Japan","X","Export","0","W00","World","0","W00","World","H4","HS","true","27","Mineral fuels, mineral oils and products of their distillation; bituminous substances; mineral waxes","2","false","C00","TOTAL CPC","0","0","TOTAL MOT","-1","N/A",,"false","-1","N/A",,"false",,"false",,"false",,"9372170034","9372170034","0","true","false",
"C","A","20160101","2016","52","2016","392","JPN","Japan","X","Export","0","W00","World","0","W00","World","H4","HS","true","29","Organic chemicals","2","false","C00","TOTAL CPC","0","0","TOTAL MOT","-1","N/A",,"false","-1","N/A",,"false",,"false",,"false",,"15938467818","15938467818","0","true","false",
"C","A","20160101","2016","52","2016","392","JPN","Japan","X","Export","0","W00","World","0","W00","World","H4","HS","true","72","Iron and steel","2","false","C00","TOTAL CPC","0","0","TOTAL MOT","-1","N/A",,"false","-1","N/A",,"false",,"false",,"false",,"24510778209","24510778209","0","true","false",
"C","A","20160101","2016","52","2016","392","JPN","Japan","X","Export","0","W00","World","0","W00","World","H4","HS","true","84","Nuclear reactors, boilers, machinery and mechanical appliances; parts thereof","2","false","C00","TOTAL CPC","0","0","TOTAL MOT","-1","N/A",,"false","-1","N/A",,"false",,"false",,"false",,"123979702084","123979702084","0","true","false",
"C","A","20160101","2016","52","2016","392","JPN","Japan","X","Export","0","W00","World","0","W00","World","H4","HS","true","85","Electrical machinery and equipment and parts thereof; sound recorders and reproducers; television image and sound recorders and reproducers, parts and accessories of such articles","2","false","C00","TOTAL CPC","0","0","TOTAL MOT","-1","N/A",,"false","-1","N/A",,"false",,"false",,"false",,"98151189242","98151189242","0","true","false",
"C","A","20160101","2016","52","2016","392","JPN","Japan","X","Export","0","W00","World","0","W00","World","H4","HS","true","87","Vehicles; other than railway or tramway rolling stock, and parts and accessories thereof","2","false","C00","TOTAL CPC","0","0","TOTAL MOT","-1","N/A",,"false","-1","N/A",,"false",,"false",,"false",,"141798537822","141798537822","0","true","false",
"C","A","20170101","2017","52","2017","392","JPN","Japan","M","Import","0","W00","World","0","W00","World","H5","HS","true","27","Mineral fuels, mineral oils and products of their distillation; bituminous substances; mineral waxes","2","false","C00","TOTAL CPC","0","0","TOTAL MOT","-1","N/A","0","false","-1","N/A","0","false","0","true","0","false","141301048151.395","0","141301048151.395","4","false","true",
"C","A","20170101","2017","52","2017","392","JPN","Japan","M","Import","0","W00","World","0","W00","World","H5","HS","true","29","Organic chemicals","2","false","C00","TOTAL CPC","0","0","TOTAL MOT","-1","N/A","0","false","-1","N/A","0","false","0","true","0","false","15892420999.466","0","15892420999.466","4","false","true",
"C","A","20170101","2017","52","2017","392","JPN","Japan","M","Import","0","W00","World","0","W00","World","H5","HS","true","72","Iron and steel","2","false","C00","TOTAL CPC","0","0","TOTAL MOT","-1","N/A","0","false","-1","N/A","0","false","0","true","0","false","7354504974.523","0","7354504974.523","4","false","true",
"C","A","20170101","2017","52","2017","392","JPN","Japan","M","Import","0","W00","World","0","W00","World","H5","HS","true","84","Nuclear reactors, boilers, machinery and mechanical appliances; parts thereof","2","false","C00","TOTAL CPC","0","0","TOTAL MOT","-1","N/A","0","false","-1","N/A","0","false","0","true","0","false","65241118136.913","0","65241118136.913","4","false","true",
"C","A","20170101","2017","52","2017","392","JPN","Japan","M","Import","0","W00","World","0","W00","World","H5","HS","true","85","Electrical machinery and equipment and parts thereof; sound recorders and reproducers; television image and sound recorders and reproducers, parts and accessories of such articles","2","false","C00","TOTAL CPC","0","0","TOTAL MOT","-1","N/A","0","false","-1","N/A","0","false","0","true","0","false","97718392775.353","0","97718392775.353","4","false","true",
"C","A","20170101","2017","52","2017","392","JPN","Japan","M","Import","0","W00","World","0","W00","World","H5","HS","true","87","Vehicles; other than railway or tramway rolling stock, and parts and accessories thereof","2","false","C00","TOTAL CPC","0","0","TOTAL MOT","-1","N/A","0","false","-1","N/A","0","false","0","true","0","false","22417537007.857","0","22417537007.857","4","false","true",
"C","A","20170101","2017","52","2017","392","JPN","Japan","X","Export","0","W00","World","0","W00","World","H5","HS","true","27","Mineral fuels, mineral oils and products of their distillation; bituminous substances; mineral waxes","2","false","C00","TOTAL CPC","0","0","TOTAL MOT","-1","N/A","0","false","-1","N/A","0","false","0","true","0","false","0","11378828781.287","11378828781.287","4","false","true",
"C","A","20170101","2017","52","2017","392","JPN","Japan","X","Export","0","W00","World","0","W00","World","H5","HS","true","29","Organic chemicals","2","false","C00","TOTAL CPC","0","0","TOTAL MOT","-1","N/A","0","false","-1","N/A","0","false","0","true","0","false","0","17878375950.325","17878375950.325","4","false","true",
"C","A","20170101","2017","52","2017","392","JPN","Japan","X","Export","0","W00","World","0","W00","World","H5","HS","true","72","Iron and steel","2","false","C00","TOTAL CPC","0","0","TOTAL MOT","-1","N/A","0","false","-1","N/A","0","false","0","true","0","false","0","27986168287.111","27986168287.111","4","false","true",
"C","A","20170101","2017","52","2017","392","JPN","Japan","X","Export","0","W00","World","0","W00","World","H5","HS","true","84","Nuclear reactors, boilers, machinery and mechanical appliances; parts thereof","2","false","C00","TOTAL CPC","0","0","TOTAL MOT","-1","N/A","0","false","-1","N/A","0","false","0","true","0","false","0","138403852125.67","138403852125.67","4","false","true",
"C","A","20170101","2017","52","2017","392","JPN","Japan","X","Export","0","W00","World","0","W00","World","H5","HS","true","85","Electrical machinery and equipment and parts thereof; sound recorders and reproducers; television image and sound recorders and reproducers, parts and accessories of such articles","2","false","C00","TOTAL CPC","0","0","TOTAL MOT","-1","N/A","0","false","-1","N/A","0","false","0","true","0","false","0","105553813807.134","105553813807.134","4","false","true",
"C","A","20170101","2017","52","2017","392","JPN","Japan","X","Export","0","W00","World","0","W00","World","H5","HS","true","87","Vehicles; other than railway or tramway rolling stock, and parts and accessories thereof","2","false","C00","TOTAL CPC","0","0","TOTAL MOT","-1","N/A","0","false","-1","N/A","0","false","0","true","0","false","0","146235261629.788","146235261629.788","4","false","true",
"C","A","20180101","2018","52","2018","392","JPN","Japan","M","Import","0","W00","World","0","W00","World","H5","HS","true","27","Mineral fuels, mineral oils and products of their distillation; bituminous substances; mineral waxes","2","false","C00","TOTAL CPC","0","0","TOTAL MOT","-1","N/A","0","false","-1","N/A","0","false","0","true","0","false","174784734053.208","0","174784734053.208","4","false","true",
"C","A","20180101","2018","52","2018","392","JPN","Japan","M","Import","0","W00","World","0","W00","World","H5","HS","true","29","Organic chemicals","2","false","C00","TOTAL CPC","0","0","TOTAL MOT","-1","N/A","0","false","-1","N/A","0","false","0","true","0","false","18214966327.221","0","18214966327.221","4","false","true",
"C","A","20180101","2018","52","2018","392","JPN","Japan","M","Import","0","W00","World","0","W00","World","H5","HS","true","72","Iron and steel","2","false","C00","TOTAL CPC","0","0","TOTAL MOT","-1","N/A","0","false","-1","N/A","0","false","0","true","0","false","8267610762.711","0","8267610762.711","4","false","true",
"C","A","20180101","2018","52","2018","392","JPN","Japan","M","Import","0","W00","World","0","W00","World","H5","HS","true","84","Nuclear reactors, boilers, machinery and mechanical appliances; parts thereof","2","false","C00","TOTAL CPC","0","0","TOTAL MOT","-1","N/A","0","false","-1","N/A","0","false","0","true","0","false","72864580567.248","0","72864580567.248","4","false","true",
"C","A","20180101","2018","52","2018","392","JPN","Japan","M","Import","0","W00","World","0","W00","World","H5","HS","true","85","Electrical machinery and equipment and parts thereof; sound recorders and reproducers; television image and sound recorders and reproducers, parts and accessories of such articles","2","false","C00","TOTAL CPC","0","0","TOTAL MOT","-1","N/A","0","false","-1","N/A","0","false","0","true","0","false","101155630303.913","0","101155630303.913","4","false","true",
"C","A","20180101","2018","52","2018","392","JPN","Japan","M","Import","0","W00","World","0","W00","World","H5","HS","true","87","Vehicles; other than railway or tramway rolling stock, and parts and accessories thereof","2","false","C00","TOTAL CPC","0","0","TOTAL MOT","-1","N/A","0","false","-1","N/A","0","false","0","true","0","false","24594800942.307","0","24594800942.307","4","false","true",
"C","A","20180101","2018","52","2018","392","JPN","Japan","X","Export","0","W00","World","0","W00","World","H5","HS","true","27","Mineral fuels, mineral oils and products of their distillation; bituminous substances; mineral waxes","2","false","C00","TOTAL CPC","0","0","TOTAL MOT","-1","N/A","0","false","-1","N/A","0","false","0","true","0","false","0","13362085936.896","13362085936.896","4","false","true",
"C","A","20180101","2018","52","2018","392","JPN","Japan","X","Export","0","W00","World","0","W00","World","H5","HS","true","29","Organic chemicals","2","false","C00","TOTAL CPC","0","0","TOTAL MOT","-1","N/A","0","false","-1","N/A","0","false","0","true","0","false","0","18915713096.941","18915713096.941","4","false","true",
"C","A","20180101","2018","52","2018","392","JPN","Japan","X","Export","0","W00","World","0","W00","World","H5","HS","true","72","Iron and steel","2","false","C00","TOTAL CPC","0","0","TOTAL MOT","-1","N/A","0","false","-1","N/A","0","false","0","true","0","false","0","29935232506.725","29935232506.725","4","false","true",
"C","A","20180101","2018","52","2018","392","JPN","Japan","X","Export","0","W00","World","0","W00","World","H5","HS","true","84","Nuclear reactors, boilers, machinery and mechanical appliances; parts thereof","2","false","C00","TOTAL CPC","0","0","TOTAL MOT","-1","N/A","0","false","-1","N/A","0","false","0","true","0","false","0","147924925661.864","147924925661.864","4","false","true",
"C","A","20180101","2018","52","2018","392","JPN","Japan","X","Export","0","W00","World","0","W00","World","H5","HS","true","85","Electrical machinery and equipment and parts thereof; sound recorders and reproducers; television image and sound recorders and reproducers, parts and accessories of such articles","2","false","C00","TOTAL CPC","0","0","TOTAL MOT","-1","N/A","0","false","-1","N/A","0","false","0","true","0","false","0","109412944192.983","109412944192.983","4","false","true",
"C","A","20180101","2018","52","2018","392","JPN","Japan","X","Export","0","W00","World","0","W00","World","H5","HS","true","87","Vehicles; other than railway or tramway rolling stock, and parts and accessories thereof","2","false","C00","TOTAL CPC","0","0","TOTAL MOT","-1","N/A","0","false","-1","N/A","0","false","0","true","0","false","0","154065458376.126","154065458376.126","4","false","true",
"C","A","20190101","2019","52","2019","392","JPN","Japan","M","Import","0","W00","World","0","W00","World","H5","HS","true","27","Mineral fuels, mineral oils and products of their distillation; bituminous substances; mineral waxes","2","false","C00","TOTAL CPC","0","0","TOTAL MOT","-1","N/A","0","false","-1","N/A","0","false","0","true","0","false","155622813677.817","0","155622813677.817","4","false","true",
"C","A","20190101","2019","52","2019","392","JPN","Japan","M","Import","0","W00","World","0","W00","World","H5","HS","true","29","Organic chemicals","2","false","C00","TOTAL CPC","0","0","TOTAL MOT","-1","N/A","0","false","-1","N/A","0","false","0","true","0","false","16105746307.793","0","16105746307.793","4","false","true",
"C","A","20190101","2019","52","2019","392","JPN","Japan","M","Import","0","W00","World","0","W00","World","H5","HS","true","72","Iron and steel","2","false","C00","TOTAL CPC","0","0","TOTAL MOT","-1","N/A","0","false","-1","N/A","0","false","0","true","0","false","7709184767.657","0","7709184767.657","4","false","true",
"C","A","20190101","2019","52","2019","392","JPN","Japan","M","Import","0","W00","World","0","W00","World","H5","HS","true","84","Nuclear reactors, boilers, machinery and mechanical appliances; parts thereof","2","false","C00","TOTAL CPC","0","0","TOTAL MOT","-1","N/A","0","false","-1","N/A","0","false","0","true","0","false","70551792848.785","0","70551792848.785","4","false","true",
"C","A","20190101","2019","52","2019","392","JPN","Japan","M","Import","0","W00","World","0","W00","World","H5","HS","true","85","Electrical machinery and equipment and parts thereof; sound recorders and reproducers; television image and sound recorders and reproducers, parts and accessories of such articles","2","false","C00","TOTAL CPC","0","0","TOTAL MOT","-1","N/A","0","false","-1","N/A","0","false","0","true","0","false","98810192453.302","0","98810192453.302","4","false","true",
"C","A","20190101","2019","52","2019","392","JPN","Japan","M","Import","0","W00","World","0","W00","World","H5","HS","true","87","Vehicles; other than railway or tramway rolling stock, and parts and accessories thereof","2","false","C00","TOTAL CPC","0","0","TOTAL MOT","-1","N/A","0","false","-1","N/A","0","false","0","true","0","false","23764748958.42","0","23764748958.42","4","false","true",
"C","A","20190101","2019","52","2019","392","JPN","Japan","X","Export","0","W00","World","0","W00","World","H5","HS","true","27","Mineral fuels, mineral oils and products of their distillation; bituminous substances; mineral waxes","2","false","C00","TOTAL CPC","0","0","TOTAL MOT","-1","N/A","0","false","-1","N/A","0","false","0","true","0","false","0","14010929791.989","14010929791.989","4","false","true",
"C","A","20190101","2019","52","2019","392","JPN","Japan","X","Export","0","W00","World","0","W00","World","H5","HS","true","29","Organic chemicals","2","false","C00","TOTAL CPC","0","0","TOTAL MOT","-1","N/A","0","false","-1","N/A","0","false","0","true","0","false","0","17848414005.509","17848414005.509","4","false","true",
"C","A","20190101","2019","52","2019","392","JPN","Japan","X","Export","0","W00","World","0","W00","World","H5","HS","true","72","Iron and steel","2","false","C00","TOTAL CPC","0","0","TOTAL MOT","-1","N/A","0","false","-1","N/A","0","false","0","true","0","false","0","26091680968.618","26091680968.618","4","false","true",
"C","A","20190101","2019","52","2019","392","JPN","Japan","X","Export","0","W00","World","0","W00","World","H5","HS","true","84","Nuclear reactors, boilers, machinery and mechanical appliances; parts thereof","2","false","C00","TOTAL CPC","0","0","TOTAL MOT","-1","N/A","0","false","-1","N/A","0","false","0","true","0","false","0","137046931787.773","137046931787.773","4","false","true",
"C","A","20190101","2019","52","2019","392","JPN","Japan","X","Export","0","W00","World","0","W00","World","H5","HS","true","85","Electrical machinery and equipment and parts thereof; sound recorders and reproducers; television image and sound recorders and reproducers, parts and accessories of such articles","2","false","C00","TOTAL CPC","0","0","TOTAL MOT","-1","N/A","0","false","-1","N/A","0","false","0","true","0","false","0","103011213712.488","103011213712.488","4","false","true",
"C","A","20190101","2019","52","2019","392","JPN","Japan","X","Export","0","W00","World","0","W00","World","H5","HS","true","87","Vehicles; other than railway or tramway rolling stock, and parts and accessories thereof","2","false","C00","TOTAL CPC","0","0","TOTAL MOT","-1","N/A","0","false","-1","N/A","0","false","0","true","0","false","0","148807656468.993","148807656468.993","4","false","true",
"C","A","20200101","2020","52","2020","392","JPN","Japan","M","Import","0","W00","World","0","W00","World","H5","HS","true","27","Mineral fuels, mineral oils and products of their distillation; bituminous substances; mineral waxes","2","false","C00","TOTAL CPC","0","0","TOTAL MOT","-1","N/A","0","false","-1","N/A","0","false","0","true","0","false","105482658408.977","0","105482658408.977","4","false","true",
"C","A","20200101","2020","52","2020","392","JPN","Japan","M","Import","0","W00","World","0","W00","World","H5","HS","true","29","Organic chemicals","2","false","C00","TOTAL CPC","0","0","TOTAL MOT","-1","N/A","0","false","-1","N/A","0","false","0","true","0","false","15807927992.84","0","15807927992.84","4","false","true",
"C","A","20200101","2020","52","2020","392","JPN","Japan","M","Import","0","W00","World","0","W00","World","H5","HS","true","72","Iron and steel","2","false","C00","TOTAL CPC","0","0","TOTAL MOT","-1","N/A","0","false","-1","N/A","0","false","0","true","0","false","5697538270.497","0","5697538270.497","4","false","true",
"C","A","20200101","2020","52","2020","392","JPN","Japan","M","Import","0","W00","World","0","W00","World","H5","HS","true","84","Nuclear reactors, boilers, machinery and mechanical appliances; parts thereof","2","false","C00","TOTAL CPC","0","0","TOTAL MOT","-1","N/A","0","false","-1","N/A","0","false","0","true","0","false","67060148368.813","0","67060148368.813","4","false","true",
"C","A","20200101","2020","52","2020","392","JPN","Japan","M","Import","0","W00","World","0","W00","World","H5","HS","true","85","Electrical machinery and equipment and parts thereof; sound recorders and reproducers; television image and sound recorders and reproducers, parts and accessories of such articles","2","false","C00","TOTAL CPC","0","0","TOTAL MOT","-1","N/A","0","false","-1","N/A","0","false","0","true","0","false","96692862627.78","0","96692862627.78","4","false","true",
"C","A","20200101","2020","52","2020","392","JPN","Japan","M","Import","0","W00","World","0","W00","World","H5","HS","true","87","Vehicles; other than railway or tramway rolling stock, and parts and accessories thereof","2","false","C00","TOTAL CPC","0","0","TOTAL MOT","-1","N/A","0","false","-1","N/A","0","false","0","true","0","false","19784263164.858","0","19784263164.858","4","false","true",
"C","A","20200101","2020","52","2020","392","JPN","Japan","X","Export","0","W00","World","0","W00","World","H5","HS","true","27","Mineral fuels, mineral oils and products of their distillation; bituminous substances; mineral waxes","2","false","C00","TOTAL CPC","0","0","TOTAL MOT","-1","N/A","0","false","-1","N/A","0","false","0","true","0","false","0","7628748831.65","7628748831.65","4","false","true",
"C","A","20200101","2020","52","2020","392","JPN","Japan","X","Export","0","W00","World","0","W00","World","H5","HS","true","29","Organic chemicals","2","false","C00","TOTAL CPC","0","0","TOTAL MOT","-1","N/A","0","false","-1","N/A","0","false","0","true","0","false","0","14912578073.227","14912578073.227","4","false","true",
"C","A","20200101","2020","52","2020","392","JPN","Japan","X","Export","0","W00","World","0","W00","World","H5","HS","true","72","Iron and steel","2","false","C00","TOTAL CPC","0","0","TOTAL MOT","-1","N/A","0","false","-1","N/A","0","false","0","true","0","false","0","22802306611.641","22802306611.641","4","false","true",
"C","A","20200101","2020","52","2020","392","JPN","Japan","X","Export","0","W00","World","0","W00","World","H5","HS","true","84","Nuclear reactors, boilers, machinery and mechanical appliances; parts thereof","2","false","C00","TOTAL CPC","0","0","TOTAL MOT","-1","N/A","0","false","-1","N/A","0","false","0","true","0","false","0","121726877114.287","121726877114.287","4","false","true",
"C","A","20200101","2020","52","2020","392","JPN","Japan","X","Export","0","W00","World","0","W00","World","H5","HS","true","85","Electrical machinery and equipment and parts thereof; sound recorders and reproducers; television image and sound recorders and reproducers, parts and accessories of such articles","2","false","C00","TOTAL CPC","0","0","TOTAL MOT","-1","N/A","0","false","-1","N/A","0","false","0","true","0","false","0","102554256405.843","102554256405.843","4","false","true",
"C","A","20200101","2020","52","2020","392","JPN","Japan","X","Export","0","W00","World","0","W00","World","H5","HS","true","87","Vehicles; other than railway or tramway rolling stock, and parts and accessories thereof","2","false","C00","TOTAL CPC","0","0","TOTAL MOT","-1","N/A","0","false","-1","N/A","0","false","0","true","0","false","0","122541546962.832","122541546962.832","4","false","true",
"C","A","20210101","2021","52","2021","392","JPN","Japan","M","Import","0","W00","World","0","W00","World","H5","HS","true","27","Mineral fuels, mineral oils and products of their distillation; bituminous substances; mineral waxes","2","false","C00","TOTAL CPC","0","0","TOTAL MOT","-1","N/A","0","false","-1","N/A","0","false","0","true","0","false","154729669753.146","0","154729669753.146","4","false","true",
"C","A","20210101","2021","52","2021","392","JPN","Japan","M","Import","0","W00","World","0","W00","World","H5","HS","true","29","Organic chemicals","2","false","C00","TOTAL CPC","0","0","TOTAL MOT","-1","N/A","0","false","-1","N/A","0","false","0","true","0","false","16784830195.302","0","16784830195.302","4","false","true",
"C","A","20210101","2021","52","2021","392","JPN","Japan","M","Import","0","W00","World","0","W00","World","H5","HS","true","72","Iron and steel","2","false","C00","TOTAL CPC","0","0","TOTAL MOT","-1","N/A","0","false","-1","N/A","0","false","0","true","0","false","8698254549.323","0","8698254549.323","4","false","true",
"C","A","20210101","2021","52","2021","392","JPN","Japan","M","Import","0","W00","World","0","W00","World","H5","HS","true","84","Nuclear reactors, boilers, machinery and mechanical appliances; parts thereof","2","false","C00","TOTAL CPC","0","0","TOTAL MOT","-1","N/A","0","false","-1","N/A","0","false","0","true","0","false","71160685706.681","0","71160685706.681","4","false","true",
"C","A","20210101","2021","52","2021","392","JPN","Japan","M","Import","0","W00","World","0","W00","World","H5","HS","true","85","Electrical machinery and equipment and parts thereof; sound recorders and reproducers; television image and sound recorders and reproducers, parts and accessories of such articles","2","false","C00","TOTAL CPC","0","0","TOTAL MOT","-1","N/A","0","false","-1","N/A","0","false","0","true","0","false","113407019676.08","0","113407019676.08","4","false","true",
"C","A","20210101","2021","52","2021","392","JPN","Japan","M","Import","0","W00","World","0","W00","World","H5","HS","true","87","Vehicles; other than railway or tramway rolling stock, and parts and accessories thereof","2","false","C00","TOTAL CPC","0","0","TOTAL MOT","-1","N/A","0","false","-1","N/A","0","false","0","true","0","false","23084284147.211","0","23084284147.211","4","false","true",
"C","A","20210101","2021","52","2021","392","JPN","Japan","X","Export","0","W00","World","0","W00","World","H5","HS","true","27","Mineral fuels, mineral oils and products of their distillation; bituminous substances; mineral waxes","2","false","C00","TOTAL CPC","0","0","TOTAL MOT","-1","N/A","0","false","-1","N/A","0","false","0","true","0","false","0","10228412816.773","10228412816.773","4","false","true",
"C","A","20210101","2021","52","2021","392","JPN","Japan","X","Export","0","W00","World","0","W00","World","H5","HS","true","29","Organic chemicals","2","false","C00","TOTAL CPC","0","0","TOTAL MOT","-1","N/A","0","false","-1","N/A","0","false","0","true","0","false","0","18334262309.89","18334262309.89","4","false","true",
"C","A","20210101","2021","52","2021","392","JPN","Japan","X","Export","0","W00","World","0","W00","World","H5","HS","true","72","Iron and steel","2","false","C00","TOTAL CPC","0","0","TOTAL MOT","-1","N/A","0","false","-1","N/A","0","false","0","true","0","false","0","34771497269.899","34771497269.899","4","false","true",
"C","A","20210101","2021","52","2021","392","JPN","Japan","X","Export","0","W00","World","0","W00","World","H5","HS","true","84","Nuclear reactors, boilers, machinery and mechanical appliances; parts thereof","2","false","C00","TOTAL CPC","0","0","TOTAL MOT","-1","N/A","0","false","-1","N/A","0","false","0","true","0","false","0","147305237372.438","147305237372.438","4","false","true",
"C","A","20210101","2021","52","2021","392","JPN","Japan","X","Export","0","W00","World","0","W00","World","H5","HS","true","85","Electrical machinery and equipment and parts thereof; sound recorders and reproducers; television image and sound recorders and reproducers, parts and accessories of such articles","2","false","C00","TOTAL CPC","0","0","TOTAL MOT","-1","N/A","0","false","-1","N/A","0","false","0","true","0","false","0","118923309227.911","118923309227.911","4","false","true",
"C","A","20210101","2021","52","2021","392","JPN","Japan","X","Export","0","W00","World","0","W00","World","H5","HS","true","87","Vehicles; other than railway or tramway rolling stock, and parts and accessories thereof","2","false","C00","TOTAL CPC","0","0","TOTAL MOT","-1","N/A","0","false","-1","N/A","0","false","0","true","0","false","0","137837484232.021","137837484232.021","4","false","true",
"C","A","20220101","2022","52","2022","392","JPN","Japan","M","Import","0","W00","World","0","W00","World","H6","HS","true","27","Mineral fuels, mineral oils and products of their distillation; bituminous substances; mineral waxes","2","false","C00","TOTAL CPC","0","0","TOTAL MOT","-1","N/A","0","false","-1","N/A","0","false","0","true","0","false","254657779836.484","0","254657779836.484","4","false","true",
"C","A","20220101","2022","52","2022","392","JPN","Japan","M","Import","0","W00","World","0","W00","World","H6","HS","true","29","Organic chemicals","2","false","C00","TOTAL CPC","0","0","TOTAL MOT","-1","N/A","0","false","-1","N/A","0","false","0","true","0","false","18271856755.125","0","18271856755.125","4","false","true",
"C","A","20220101","2022","52","2022","392","JPN","Japan","M","Import","0","W00","World","0","W00","World","H6","HS","true","72","Iron and steel","2","false","C00","TOTAL CPC","0","0","TOTAL MOT","-1","N/A","0","false","-1","N/A","0","false","0","true","0","false","10218391193.014","0","10218391193.014","4","false","true",
"C","A","20220101","2022","52","2022","392","JPN","Japan","M","Import","0","W00","World","0","W00","World","H6","HS","true","84","Machinery and mechanical appliances, boilers, nuclear reactors; parts thereof","2","false","C00","TOTAL CPC","0","0","TOTAL MOT","-1","N/A","0","false","-1","N/A","0","false","0","false","0","false","71780959254.629","0","71780959254.629","0","false","true",
"C","A","20220101","2022","52","2022","392","JPN","Japan","M","Import","0","W00","World","0","W00","World","H6","HS","true","85","Electrical machinery and equipment and parts thereof; sound recorders and reproducers; television image and sound recorders and reproducers, parts and accessories of such articles","2","false","C00","TOTAL CPC","0","0","TOTAL MOT","-1","N/A","0","false","-1","N/A","0","false","0","false","0","false","120091886503.346","0","120091886503.346","0","false","true",
"C","A","20220101","2022","52","2022","392","JPN","Japan","M","Import","0","W00","World","0","W00","World","H6","HS","true","87","Vehicles; other than railway or tramway rolling stock, and parts and accessories thereof","2","false","C00","TOTAL CPC","0","0","TOTAL MOT","-1","N/A","0","false","-1","N/A","0","false","0","true","0","false","22097714102.112","0","22097714102.112","4","false","true",
"C","A","20220101","2022","52","2022","392","JPN","Japan","X","Export","0","W00","World","0","W00","World","H6","HS","true","27","Mineral fuels, mineral oils and products of their distillation; bituminous substances; mineral waxes","2","false","C00","TOTAL CPC","0","0","TOTAL MOT","-1","N/A","0","false","-1","N/A","0","false","0","true","0","false","0","18248127393.811","18248127393.811","4","false","true",
"C","A","20220101","2022","52","2022","392","JPN","Japan","X","Export","0","W00","World","0","W00","World","H6","HS","true","29","Organic chemicals","2","false","C00","TOTAL CPC","0","0","TOTAL MOT","-1","N/A","0","false","-1","N/A","0","false","0","true","0","false","0","17144629684.709","17144629684.709","4","false","true",
"C","A","20220101","2022","52","2022","392","JPN","Japan","X","Export","0","W00","World","0","W00","World","H6","HS","true","72","Iron and steel","2","false","C00","TOTAL CPC","0","0","TOTAL MOT","-1","N/A","0","false","-1","N/A","0","false","0","false","0","false","0","34909673945.337","34909673945.337","0","false","true",
"C","A","20220101","2022","52","2022","392","JPN","Japan","X","Export","0","W00","World","0","W00","World","H6","HS","true","84","Machinery and mechanical appliances, boilers, nuclear reactors; parts thereof","2","false","C00","TOTAL CPC","0","0","TOTAL MOT","-1","N/A","0","false","-1","N/A","0","false","0","true","0","false","0","141799186239.425","141799186239.425","4","false","true",
"C","A","20220101","2022","52","2022","392","JPN","Japan","X","Export","0","W00","World","0","W00","World","H6","HS","true","85","Electrical machinery and equipment and parts thereof; sound recorders and reproducers; television image and sound recorders and reproducers, parts and accessories of such articles","2","false","C00","TOTAL CPC","0","0","TOTAL MOT","-1","N/A","0","false","-1","N/A","0","false","0","true","0","false","0","113343077457.223","113343077457.223","4","false","true",
"C","A","20220101","2022","52","2022","392","JPN","Japan","X","Export","0","W00","World","0","W00","World","H6","HS","true","87","Vehicles; other than railway or tramway rolling stock, and parts and accessories thereof","2","false","C00","TOTAL CPC","0","0","TOTAL MOT","-1","N/A","0","false","-1","N/A","0","false","0","true","0","false","0","135704150095.248","135704150095.248","4","false","true",
"C","A","20230101","2023","52","2023","392","JPN","Japan","M","Import","0","W00","World","0","W00","World","H6","HS","true","27","Mineral fuels, mineral oils and products of their distillation; bituminous substances; mineral waxes","2","false","C00","TOTAL CPC","0","0","TOTAL MOT","-1","N/A","0","false","-1","N/A","0","false","0","true","0","false","194666525342.264",,"194666525342.264","4","false","true",
"C","A","20230101","2023","52","2023","392","JPN","Japan","M","Import","0","W00","World","0","W00","World","H6","HS","true","29","Organic chemicals","2","false","C00","TOTAL CPC","0","0","TOTAL MOT","-1","N/A","0","false","-1","N/A","0","false","0","true","0","false","15347805738.798",,"15347805738.798","4","false","true",
"C","A","20230101","2023","52","2023","392","JPN","Japan","M","Import","0","W00","World","0","W00","World","H6","HS","true","72","Iron and steel","2","false","C00","TOTAL CPC","0","0","TOTAL MOT","-1","N/A","0","false","-1","N/A","0","false","0","true","0","false","8321485456.435",,"8321485456.435","4","false","true",
"C","A","20230101","2023","52","2023","392","JPN","Japan","M","Import","0","W00","World","0","W00","World","H6","HS","true","84","Machinery and mechanical appliances, boilers, nuclear reactors; parts thereof","2","false","C00","TOTAL CPC","0","0","TOTAL MOT","-1","N/A","0","false","-1","N/A","0","false","0","true","0","false","69312562729.613",,"69312562729.613","4","false","true",
"C","A","20230101","2023","52","2023","392","JPN","Japan","M","Import","0","W00","World","0","W00","World","H6","HS","true","85","Electrical machinery and equipment and parts thereof; sound recorders and reproducers; television image and sound recorders and reproducers, parts and accessories of such articles","2","false","C00","TOTAL CPC","0","0","TOTAL MOT","-1","N/A","0","false","-1","N/A","0","false",,"false","0","false","115086540478.1",,"115086540478.1","0","false","true",
"C","A","20230101","2023","52","2023","392","JPN","Japan","M","Import","0","W00","World","0","W00","World","H6","HS","true","87","Vehicles; other than railway or tramway rolling stock, and parts and accessories thereof","2","false","C00","TOTAL CPC","0","0","TOTAL MOT","-1","N/A","0","false","-1","N/A","0","false","0","true","0","false","24895147500.442",,"24895147500.442","4","false","true",
"C","A","20230101","2023","52","2023","392","JPN","Japan","X","Export","0","W00","World","0","W00","World","H6","HS","true","27","Mineral fuels, mineral oils and products of their distillation; bituminous substances; mineral waxes","2","false","C00","TOTAL CPC","0","0","TOTAL MOT","-1","N/A","0","false","-1","N/A","0","false",,"false","0","false",,"12726473279.249","12726473279.249","0","false","true",
"C","A","20230101","2023","52","2023","392","JPN","Japan","X","Export","0","W00","World","0","W00","World","H6","HS","true","29","Organic chemicals","2","false","C00","TOTAL CPC","0","0","TOTAL MOT","-1","N/A","0","false","-1","N/A","0","false",,"false","0","false",,"14774153389.629","14774153389.629","0","false","true",
"C","A","20230101","2023","52","2023","392","JPN","Japan","X","Export","0","W00","World","0","W00","World","H6","HS","true","72","Iron and steel","2","false","C00","TOTAL CPC","0","0","TOTAL MOT","-1","N/A","0","false","-1","N/A","0","false","0","true","0","false",,"30465519223.256","30465519223.256","4","false","true",
"C","A","20230101","2023","52","2023","392","JPN","Japan","X","Export","0","W00","World","0","W00","World","H6","HS","true","84","Machinery and mechanical appliances, boilers, nuclear reactors; parts thereof","2","false","C00","TOTAL CPC","0","0","TOTAL MOT","-1","N/A","0","false","-1","N/A","0","false","0","true","0","false",,"129710720741.149","129710720741.149","4","false","true",
"C","A","20230101","2023","52","2023","392","JPN","Japan","X","Export","0","W00","World","0","W00","World","H6","HS","true","85","Electrical machinery and equipment and parts thereof; sound recorders and reproducers; television image and sound recorders and reproducers, parts and accessories of such articles","2","false","C00","TOTAL CPC","0","0","TOTAL MOT","-1","N/A","0","false","-1","N/A","0","false",,"false","0","false",,"101888300034.527","101888300034.527","0","false","true",
"C","A","20230101","2023","52","2023","392","JPN","Japan","X","Export","0","W00","World","0","W00","World","H6","HS","true","87","Vehicles; other than railway or tramway rolling stock, and parts and accessories thereof","2","false","C00","TOTAL CPC","0","0","TOTAL MOT","-1","N/A","0","false","-1","N/A","0","false","0","true","0","false",,"157301991120.569","157301991120.569","4","false","true",
